{
	"_type": "export",
	"__export_format": 3,
	"__export_date": "2018-01-20T12:16:30.448Z",
	"__export_source": "insomnia.desktop.app:v5.5.2",
	"resources": [
		{
			"_id": "wrk_752e7497ef3641ac94dce04c1c91b959",
			"parentId": null,
			"modified": 1516444900053,
			"created": 1516444900053,
			"name": "g-coin",
			"description": "",
			"certificates": [],
			"_type": "workspace"
		},
		{
			"_id": "env_84b02ca01cd14c2a834928706fafa35b",
			"parentId": "wrk_752e7497ef3641ac94dce04c1c91b959",
			"modified": 1516444934466,
			"created": 1516444934466,
			"name": "Base Environment",
			"data": {},
			"color": null,
			"_type": "environment"
		},
		{
			"_id": "jar_3d08868d411346f599f6ecc6842dc13f",
			"parentId": "wrk_752e7497ef3641ac94dce04c1c91b959",
			"modified": 1516444987732,
			"created": 1516444987732,
			"name": "Default Jar",
			"cookies": [],
			"_type": "cookie_jar"
		},
		{
			"_id": "req_24bde342361749c0a6279898c9b669f5",
			"parentId": "wrk_752e7497ef3641ac94dce04c1c91b959",
			"modified": 1516450473293,
			"created": 1516444934153,
			"url": "http://127.0.0.1:5000/transaction",
			"name": "add transaction",
			"description": "",
			"method": "POST",
			"body": {
				"mimeType": "application/json",
				"text": "{\n\t\"sender\": \"0\",\n\t\"recipient\": \"golbin\",\n\t\"amount\": 1\n}"
			},
			"parameters": [],
			"headers": [
				{
					"name": "Content-Type",
					"value": "application/json",
					"id": "pair_26efbb08d7d7453295f6b0d76dcd5f99"
				}
			],
			"authentication": {},
			"metaSortKey": -1516444934153,
			"settingStoreCookies": true,
			"settingSendCookies": true,
			"settingDisableRenderRequestBody": false,
			"settingEncodeUrl": true,
			"_type": "request"
		},
		{
			"_id": "req_10a06f011e7c4909961f023ba341f022",
			"parentId": "wrk_752e7497ef3641ac94dce04c1c91b959",
			"modified": 1516445418553,
			"created": 1516445403807,
			"url": "http://127.0.0.1:5000/chain",
			"name": "get full chain",
			"description": "",
			"method": "GET",
			"body": {
				"mimeType": "application/json",
				"text": ""
			},
			"parameters": [],
			"headers": [
				{
					"name": "Content-Type",
					"value": "application/json",
					"id": "pair_26efbb08d7d7453295f6b0d76dcd5f99"
				}
			],
			"authentication": {},
			"metaSortKey": -1506968466459,
			"settingStoreCookies": true,
			"settingSendCookies": true,
			"settingDisableRenderRequestBody": false,
			"settingEncodeUrl": true,
			"_type": "request"
		},
		{
			"_id": "req_5e0c8007cfa44f07b1a8e54d021afc81",
			"parentId": "wrk_752e7497ef3641ac94dce04c1c91b959",
			"modified": 1516445461202,
			"created": 1516445449588,
			"url": "http://127.0.0.1:5000/transaction",
			"name": "get pending transactions",
			"description": "",
			"method": "GET",
			"body": {
				"mimeType": "application/json",
				"text": ""
			},
			"parameters": [],
			"headers": [
				{
					"name": "Content-Type",
					"value": "application/json",
					"id": "pair_26efbb08d7d7453295f6b0d76dcd5f99"
				}
			],
			"authentication": {},
			"metaSortKey": -1511706700306,
			"settingStoreCookies": true,
			"settingSendCookies": true,
			"settingDisableRenderRequestBody": false,
			"settingEncodeUrl": true,
			"_type": "request"
		},
		{
			"_id": "req_aa72d5430bd2470a9db5eebe99ccee1b",
			"parentId": "wrk_752e7497ef3641ac94dce04c1c91b959",
			"modified": 1516445575676,
			"created": 1516445563686,
			"url": "http://127.0.0.1:5000/mine",
			"name": "mining",
			"description": "",
			"method": "POST",
			"body": {
				"mimeType": "application/json",
				"text": ""
			},
			"parameters": [],
			"headers": [
				{
					"name": "Content-Type",
					"value": "application/json",
					"id": "pair_26efbb08d7d7453295f6b0d76dcd5f99"
				}
			],
			"authentication": {},
			"metaSortKey": -1502230232612,
			"settingStoreCookies": true,
			"settingSendCookies": true,
			"settingDisableRenderRequestBody": false,
			"settingEncodeUrl": true,
			"_type": "request"
		},
		{
			"_id": "req_2bb0b76d50554085929ded759607b148",
			"parentId": "wrk_752e7497ef3641ac94dce04c1c91b959",
			"modified": 1516447703381,
			"created": 1516447697152,
			"url": "http://127.0.0.1:5000/chain/valid",
			"name": "valid chain",
			"description": "",
			"method": "GET",
			"body": {
				"mimeType": "application/json",
				"text": ""
			},
			"parameters": [],
			"headers": [
				{
					"name": "Content-Type",
					"value": "application/json",
					"id": "pair_26efbb08d7d7453295f6b0d76dcd5f99"
				}
			],
			"authentication": {},
			"metaSortKey": -1504599349535.5,
			"settingStoreCookies": true,
			"settingSendCookies": true,
			"settingDisableRenderRequestBody": false,
			"settingEncodeUrl": true,
			"_type": "request"
		},
		{
			"_id": "req_bff5f5c854204d089476c2abe4c6b2e0",
			"parentId": "wrk_752e7497ef3641ac94dce04c1c91b959",
			"modified": 1516449827791,
			"created": 1516449808954,
			"url": "http://127.0.0.1:5000/consensus",
			"name": "consensus",
			"description": "",
			"method": "POST",
			"body": {
				"mimeType": "application/json",
				"text": ""
			},
			"parameters": [],
			"headers": [
				{
					"name": "Content-Type",
					"value": "application/json",
					"id": "pair_26efbb08d7d7453295f6b0d76dcd5f99"
				}
			],
			"authentication": {},
			"metaSortKey": -1499861115688.5,
			"settingStoreCookies": true,
			"settingSendCookies": true,
			"settingDisableRenderRequestBody": false,
			"settingEncodeUrl": true,
			"_type": "request"
		},
		{
			"_id": "req_b3412ae5493f485eafd16aea32f5106c",
			"parentId": "wrk_752e7497ef3641ac94dce04c1c91b959",
			"modified": 1516449895551,
			"created": 1516449878232,
			"url": "http://127.0.0.1:5000/node",
			"name": "node",
			"description": "",
			"method": "POST",
			"body": {
				"mimeType": "application/json",
				"text": "{\n\t\"address\": \"http://127.0.0.1:5001\"\n}"
			},
			"parameters": [],
			"headers": [
				{
					"name": "Content-Type",
					"value": "application/json",
					"id": "pair_26efbb08d7d7453295f6b0d76dcd5f99"
				}
			],
			"authentication": {},
			"metaSortKey": -1498676557226.75,
			"settingStoreCookies": true,
			"settingSendCookies": true,
			"settingDisableRenderRequestBody": false,
			"settingEncodeUrl": true,
			"_type": "request"
		},
		{
			"_id": "req_0abf2926038d4841a426a3def2ae0e6f",
			"parentId": "wrk_752e7497ef3641ac94dce04c1c91b959",
			"modified": 1516450231424,
			"created": 1516449899739,
			"url": "http://127.0.0.1:5000/node",
			"name": "all nodes",
			"description": "",
			"method": "GET",
			"body": {
				"mimeType": "application/json",
				"text": ""
			},
			"parameters": [],
			"headers": [
				{
					"name": "Content-Type",
					"value": "application/json",
					"id": "pair_26efbb08d7d7453295f6b0d76dcd5f99"
				}
			],
			"authentication": {},
			"metaSortKey": -1498528487419.0312,
			"settingStoreCookies": true,
			"settingSendCookies": true,
			"settingDisableRenderRequestBody": false,
			"settingEncodeUrl": true,
			"_type": "request"
		},
		{
			"_id": "req_467b252b3d8d461987b28b1b1624266c",
			"parentId": "wrk_752e7497ef3641ac94dce04c1c91b959",
			"modified": 1516450516334,
			"created": 1516450131394,
			"url": "http://127.0.0.1:5001/consensus",
			"name": "new node: consensus replaced",
			"description": "",
			"method": "POST",
			"body": {
				"mimeType": "application/json",
				"text": ""
			},
			"parameters": [],
			"headers": [
				{
					"name": "Content-Type",
					"value": "application/json",
					"id": "pair_26efbb08d7d7453295f6b0d76dcd5f99"
				}
			],
			"authentication": {},
			"metaSortKey": -1498232347803.5938,
			"settingStoreCookies": true,
			"settingSendCookies": true,
			"settingDisableRenderRequestBody": false,
			"settingEncodeUrl": true,
			"_type": "request"
		},
		{
			"_id": "req_e5f8cf6df50041e4bfaeb3ffb6df3ed8",
			"parentId": "wrk_752e7497ef3641ac94dce04c1c91b959",
			"modified": 1516450526992,
			"created": 1516450169967,
			"url": "http://127.0.0.1:5001/chain",
			"name": "new node: get full chain",
			"description": "",
			"method": "GET",
			"body": {
				"mimeType": "application/json",
				"text": ""
			},
			"parameters": [],
			"headers": [
				{
					"name": "Content-Type",
					"value": "application/json",
					"id": "pair_26efbb08d7d7453295f6b0d76dcd5f99"
				}
			],
			"authentication": {},
			"metaSortKey": -1498232347753.5938,
			"settingStoreCookies": true,
			"settingSendCookies": true,
			"settingDisableRenderRequestBody": false,
			"settingEncodeUrl": true,
			"_type": "request"
		},
		{
			"_id": "req_e85e9e6897b34dd88422587c320a33bf",
			"parentId": "wrk_752e7497ef3641ac94dce04c1c91b959",
			"modified": 1516450511412,
			"created": 1516450224119,
			"url": "http://127.0.0.1:5001/node",
			"name": "new node: add king node",
			"description": "",
			"method": "POST",
			"body": {
				"mimeType": "application/json",
				"text": "{\n\t\"address\": \"http://127.0.0.1:5000\"\n}"
			},
			"parameters": [],
			"headers": [
				{
					"name": "Content-Type",
					"value": "application/json",
					"id": "pair_26efbb08d7d7453295f6b0d76dcd5f99"
				}
			],
			"authentication": {},
			"metaSortKey": -1498380417611.3125,
			"settingStoreCookies": true,
			"settingSendCookies": true,
			"settingDisableRenderRequestBody": false,
			"settingEncodeUrl": true,
			"_type": "request"
		}
	]
}